,Cell names,p_vals
0,Myofib x Venous_Endo,0.00010192629958755976
1,Arterial_Endo x Myofib,0.00015639176863830494
2,Fib_0 x Venous_Endo,0.00024334121546649187
3,Lymphatic_Endo x Venous_Endo,0.00041208891791625637
4,Arterial_Endo x perivascular_fibroblasts,0.0007673754675777812
5,Capillary_Endo x perivascular_fibroblasts,0.001214705015952965
6,Venous_Endo x perivascular_fibroblasts,0.001711662885458291
7,Fib_0 x Myofib,0.0016637386480024868
8,Arterial_Endo x Lymphatic_Endo,0.0015588609943725774
9,Arterial_Endo x Fib_0,0.0008559430451681
10,Fib_0 x Lymphatic_Endo,0.002025376965521267
11,Fib_0 x perivascular_fibroblasts,0.0023187556111721242
12,Lymphatic_Endo x Myofib,0.0035290210109146323
13,Myofib x perivascular_fibroblasts,0.003580331456509266
14,intermediate_CM x vCM_3,0.0017226022070009018
15,Lymphatic_Endo x perivascular_fibroblasts,0.00325930541858063
16,Venous_Endo x Venous_Endo,0.004675876187460651
17,Lymphatic_Endo x Lymphatic_Endo,0.004655359196011205
18,perivascular_fibroblasts x perivascular_fibroblasts,0.00449713870156827
19,Arterial_Endo x Venous_Endo,0.003976793414262766
20,Venous_Endo x prolif,0.0045175916184909334
21,perivascular_fibroblasts x prolif,0.005008757759451302
22,Endocardial_Endo x Venous_Endo,0.0032612031714818654
23,vCM_3 x vCM_3,0.0032613254044138863
24,Lymphatic_Endo x SPP1_Macrophages,0.006469353907647584
25,Fib_0 x Fib_0,0.00392396330142021
26,perivascular_fibroblasts x vSMCs_2,0.0063054208673421035
27,Pericyte_2 x vCM_3,0.0037872310233341114
28,Mast x prolif,0.005560054301845233
29,Fib_SCARA5 x vCM_3,0.004240883956774069
30,LYVE_FOLR_Macrophages x vCM_3,0.01056607761658967
31,healthy_CM x vCM_3,0.005157792345976336
32,Endocardial_Endo x Lymphatic_Endo,0.006672983298314738
33,perivascular_fibroblasts x vSMCs_1,0.00801960364733367
34,Endocardial_Endo x perivascular_fibroblasts,0.006881707342231227
35,Fib_SCARA5 x healthy_CM,0.017062950336667992
36,Lymphatic_Endo x vSMCs_1,0.008829340548861673
37,CD8 x damaged_CM,0.0054341017533256425
38,CCL18_Macrophages x prolif,0.008884597999915884
39,Lymphatic_Endo x vSMCs_2,0.011225957701426547
40,Adipo x prolif,0.011268078678954536
41,Capillary_Endo x Lymphatic_Endo,0.01052713525588616
42,Mast x vCM_3,0.007207793160037693
43,Lymphatic_Endo x Monocytes,0.012994057940166368
44,Fib_3 x perivascular_fibroblasts,0.013452716010558993
45,NK x vCM_3,0.007810076113170305
46,Monocytes x healthy_CM,0.03247436008663862
47,prolif x vSMCs_2,0.01160685254879043
48,Monocytes x intermediate_CM,0.013616706306207493
49,Venous_Endo x vSMCs_2,0.015214059957036494
50,Endocardial_Endo x prolif,0.010955157130521732
51,Fib_SCARA5 x intermediate_CM,0.018589749361952845
52,Pericyte_1 x vCM_3,0.010606979732211223
53,Fib_0 x vSMCs_2,0.012334762513421093
54,Mast x damaged_CM,0.010770409151284903
55,CD8 x vCM_3,0.012255165068371699
56,Endocardial_Endo x SPP1_Macrophages,0.016941527957817875
57,LYVE_PLTP_Macrophages x Lymphatic_Endo,0.016690926135016153
58,LYVE_PLTP_Macrophages x Venous_Endo,0.020334726732785302
59,Pericyte_1 x healthy_CM,0.017074939225603502
60,Lymphatic_Endo x prolif,0.017684188073383733
61,Arterial_Endo x SPP1_Macrophages,0.019900481843273306
62,Fib_3 x vCM_3,0.016506293907516394
63,Pericyte_1 x Pericyte_2,0.015249744607505033
64,CD4 x damaged_CM,0.01397392337973841
65,CCL18_Macrophages x Myofib,0.025305846681096457
66,LYVE_FOLR_Macrophages x healthy_CM,0.09044688967814712
67,Arterial_Endo x LYVE_PLTP_Macrophages,0.017064512783172812
68,Neuronal x vCM_3,0.01565385841548521
69,Monocytes x Venous_Endo,0.026162840988390664
70,Myofib x SPP1_Macrophages,0.026650610798166722
71,Monocytes x perivascular_fibroblasts,0.025419328645371574
72,CCL18_Macrophages x Lymphatic_Endo,0.021420359148907563
73,Fib_SCARA5 x Pericyte_2,0.024246409084597978
74,Fib_0 x vSMCs_1,0.02035230988205994
75,healthy_CM x intermediate_CM,0.01704345906814058
76,Endocardial_Endo x vSMCs_1,0.017539117534807306
77,Fib_3 x Venous_Endo,0.01805262769659845
78,damaged_CM x healthy_CM,0.022584444603402216
79,Capillary_Endo x healthy_CM,0.10532493998066904
80,LYVE_PLTP_Macrophages x perivascular_fibroblasts,0.026420452380317146
81,Monocytes x vCM_3,0.032490992355224575
82,Venous_Endo x vSMCs_1,0.02788201077176537
83,LYVE_PLTP_Macrophages x Myofib,0.028499742649497527
84,Arterial_Endo x vSMCs_1,0.022373986522787544
85,Arterial_Endo x prolif,0.02056707014371665
86,Myofib x vSMCs_1,0.029574642110781542
87,Endocardial_Endo x Myofib,0.024630179809137433
88,NK x healthy_CM,0.024423157650433146
89,Purkinje_fibers x vCM_3,0.029141002421312033
90,damaged_CM x vCM_3,0.022430037599697583
91,Mast x Myofib,0.035284101173797364
92,Capillary_Endo x Myofib,0.023007757825273666
93,SPP1_Macrophages x prolif,0.029582460837719083
94,Pericyte_1 x perivascular_fibroblasts,0.040512543323513006
95,Mast x intermediate_CM,0.024056790391895806
96,Pericyte_2 x damaged_CM,0.025796759332839626
97,CD4 x vCM_3,0.02521716040944782
98,SPP1_Macrophages x Venous_Endo,0.044551863002872824
99,Fib_SCARA5 x perivascular_fibroblasts,0.03457286680360154
100,CCL18_Macrophages x Endocardial_Endo,0.03370151629682773
101,Mast x healthy_CM,0.02988976957279417
102,NK x damaged_CM,0.027207590229486732
103,Arterial_Endo x healthy_CM,0.21993266524227337
104,Pericyte_1 x damaged_CM,0.027340765517389013
105,Fib_0 x prolif,0.027821774384919173
106,Endocardial_Endo x LYVE_PLTP_Macrophages,0.02852112820659919
107,CD8 x perivascular_fibroblasts,0.03187689340003119
108,Pericyte_2 x healthy_CM,0.038103069588763805
109,Neuronal x damaged_CM,0.028906402822764427
110,Fib_3 x healthy_CM,0.1198769335641586
111,CD4 x perivascular_fibroblasts,0.03230567313194098
112,prolif x vSMCs_1,0.029542088915308722
113,Myofib x vSMCs_2,0.04700182322656699
114,vSMCs_1 x vSMCs_2,0.03937533988429537
115,CD4 x Venous_Endo,0.040153749682747784
116,Myofib x Pericyte_2,0.039940618378678794
117,NK x intermediate_CM,0.03403781221104613
118,Mast x perivascular_fibroblasts,0.04311949902217492
119,CD8 x Venous_Endo,0.04541787251326513
120,CD8 x vSMCs_2,0.045307700748956695
121,CD8 x Myofib,0.04383745071934719
122,CCL18_Macrophages x perivascular_fibroblasts,0.04884720555494327
123,NK_T x vCM_3,0.059944846366398546
124,CD8 x prolif,0.0438515982682842
125,CD8 x intermediate_CM,0.037173454579657136
126,CD8 x healthy_CM,0.0558847736124973
127,CD4 x Myofib,0.04420577163458114
128,Arterial_Endo x CCL18_Macrophages,0.05709372034582841
129,LYVE_PLTP_Macrophages x healthy_CM,0.058065677757061486
130,LYVE_FOLR_Macrophages x perivascular_fibroblasts,0.04966443064081078
131,Fib_0 x SPP1_Macrophages,0.06273646934308902
132,Fib_SCARA5 x Venous_Endo,0.04413699673718813
133,Monocytes x Myofib,0.05830751827898603
134,SPP1_Macrophages x healthy_CM,0.055474590656952094
135,CD4 x healthy_CM,0.0616960598161969
136,Myofib x Myofib,0.06714783522249548
137,NK_T x vSMCs_2,0.0554116543463555
138,CD4 x intermediate_CM,0.05045446190116244
139,Fib_0 x healthy_CM,0.15289214392694603
140,Pericyte_1 x intermediate_CM,0.046614142116181326
141,healthy_CM x healthy_CM,0.06992662276272721
142,Capillary_Endo x Fib_3,0.5617651567159376
143,Adipo x CCL18_Macrophages,0.059689975993388864
144,SPP1_Macrophages x perivascular_fibroblasts,0.06713620669703883
145,Myofib x healthy_CM,0.07750279368379943
146,CD4 x vSMCs_2,0.06205452922603272
147,Fib_0 x LYVE_PLTP_Macrophages,0.05909854613985994
148,Capillary_Endo x Pericyte_2,0.06934619141525286
149,CD4 x prolif,0.05097961773540789
150,Fib_3 x Pericyte_2,0.07907279949956601
151,LYVE_PLTP_Macrophages x prolif,0.05305102230842765
152,Mast x vSMCs_2,0.06814959978000629
153,Adipo x Lymphatic_Endo,0.07928220503061162
154,NK_T x perivascular_fibroblasts,0.06130433674231121
155,Arterial_Endo x Pericyte_2,0.08445157031883312
156,Neuronal x healthy_CM,0.05343029426836386
157,Adipo x SPP1_Macrophages,0.08136740067304081
158,Arterial_Endo x Fib_3,0.7365873790858446
159,LYVE_FOLR_Macrophages x Pericyte_2,0.08250391396177048
160,CCL18_Macrophages x vSMCs_2,0.08246489184661945
161,LYVE_PLTP_Macrophages x vSMCs_1,0.07238489417807306
162,Fib_SCARA5 x Pericyte_1,0.0746041272244902
163,vSMCs_1 x vSMCs_1,0.07383158068126423
164,Myofib x prolif,0.06470991515980393
165,CD8 x vSMCs_1,0.06913174561195316
166,damaged_CM x intermediate_CM,0.06076622185059018
167,Pericyte_2 x Pericyte_2,0.05873726517273308
168,Fib_3 x Pericyte_1,0.18607398561123673
169,CD4 x vSMCs_1,0.06889074309396603
170,Monocytes x Pericyte_2,0.0861078816566146
171,Capillary_Endo x Fib_SCARA5,0.34809951462854705
172,Capillary_Endo x prolif,0.06160288207900046
173,Adipo x Arterial_Endo,0.08652906238731069
174,Adipo x Capillary_Endo,0.09353148717574196
175,Capillary_Endo x vCM_3,0.06767224373916866
176,Mast x Venous_Endo,0.09842755769646347
177,Pericyte_2 x intermediate_CM,0.06857833453493266
178,Adipo x perivascular_fibroblasts,0.09048208830641567
179,Monocytes x prolif,0.06982098930433094
180,Fib_SCARA5 x damaged_CM,0.07072527590822583
181,Endocardial_Endo x Pericyte_2,0.09621316822912465
182,Neuronal x intermediate_CM,0.07102918719260719
183,SPP1_Macrophages x vSMCs_1,0.1052169195893213
184,Fib_SCARA5 x Lymphatic_Endo,0.09791395730690941
185,LYVE_FOLR_Macrophages x damaged_CM,0.07392211915382613
186,Adipo x NK_T,0.0857234703665528
187,CCL18_Macrophages x vSMCs_1,0.10783083318052498
188,Pericyte_1 x Pericyte_1,0.07405056071520776
189,NK_T x damaged_CM,0.07412453685084383
190,Lymphatic_Endo x Mast,0.07918059101587374
191,Adipo x CD4,0.09302244837558865
192,Adipo x Venous_Endo,0.09955363558202082
193,Monocytes x vSMCs_1,0.0952546732857662
194,Adipo x Mast,0.09701218391122797
195,NK_T x vSMCs_1,0.09717426326620002
196,intermediate_CM x intermediate_CM,0.08153005329322498
197,NK x perivascular_fibroblasts,0.08917586380001807
198,Arterial_Endo x Mast,0.0927152380590752
199,Pericyte_2 x SPP1_Macrophages,0.09914631894026506
200,Adipo x CD8,0.0968950772837728
201,Mast x vSMCs_1,0.11007486322759338
202,LYVE_FOLR_Macrophages x Lymphatic_Endo,0.09694018619837258
203,CCL18_Macrophages x Venous_Endo,0.1326199374565089
204,Fib_0 x Monocytes,0.09552723863791082
205,Arterial_Endo x CD4,0.08684891786389232
206,Fib_0 x Pericyte_2,0.11774107202721493
207,Arterial_Endo x CD8,0.09001281769800344
208,Capillary_Endo x Fib_0,0.18109793926409992
209,vCM_3 x vSMCs_2,0.08909360358540075
210,LYVE_PLTP_Macrophages x Pericyte_2,0.09661891397063567
211,Arterial_Endo x Monocytes,0.08952464851024132
212,NK x Pericyte_2,0.09085885386884682
213,CD4 x Endocardial_Endo,0.09271858365242047
214,Endocardial_Endo x Mast,0.09338578941736017
215,CD8 x Fib_0,0.09584870335533228
216,Capillary_Endo x damaged_CM,0.11749192549319767
217,SPP1_Macrophages x vSMCs_2,0.12797062952500932
218,Myofib x intermediate_CM,0.12012955698869915
219,CD4 x Fib_0,0.09897176977683964
220,Lymphatic_Endo x Pericyte_1,0.14575188906570047
221,prolif x prolif,0.09950609613971326
222,Adipo x LYVE_PLTP_Macrophages,0.1446244673545619
223,Adipo x Fib_0,0.13840884134352277
224,Arterial_Endo x NK_T,0.1063794441971022
225,CD4 x Lymphatic_Endo,0.10114518536093242
226,Endocardial_Endo x Fib_0,0.10131740923506392
227,Fib_3 x SPP1_Macrophages,0.12643441875780728
228,LYVE_PLTP_Macrophages x vSMCs_2,0.1323168948745637
229,CCL18_Macrophages x Fib_3,0.1308550226412077
230,Arterial_Endo x Arterial_Endo,0.10276651866728488
231,Neuronal x perivascular_fibroblasts,0.11329680911306712
232,Adipo x NK,0.11502071751287263
233,Myofib x NK_T,0.12548870234831394
234,CD8 x Endocardial_Endo,0.1052107716483344
235,Adipo x vSMCs_1,0.1336575066511088
236,Monocytes x damaged_CM,0.10609913234125054
237,Endocardial_Endo x healthy_CM,0.27553906371071873
238,CD8 x CD8,0.10708428248663956
239,Capillary_Endo x Pericyte_1,0.13622273434437188
240,Pericyte_2 x vSMCs_2,0.12585396437242263
241,Capillary_Endo x Venous_Endo,0.11135994708064523
242,Adipo x Pericyte_1,0.1596591858568051
243,Fib_3 x Lymphatic_Endo,0.15404135253744644
244,CCL18_Macrophages x Pericyte_2,0.1138750735173233
245,CD8 x Neuronal,0.11664918936676168
246,NK_T x Venous_Endo,0.15279054850616602
247,Adipo x vSMCs_2,0.15995373152977738
248,SPP1_Macrophages x damaged_CM,0.12054984478304176
249,Fib_SCARA5 x prolif,0.12186463186819266
250,Capillary_Endo x vSMCs_1,0.12189560680758015
251,Endocardial_Endo x NK_T,0.1229332634697137
252,CD8 x vCM_4,0.12364924674228915
253,CCL18_Macrophages x Neuronal,0.12379948273132227
254,Capillary_Endo x SPP1_Macrophages,0.1565484421327214
255,Endocardial_Endo x intermediate_CM,0.18097289072156872
256,vCM_3 x vCM_4,0.2254011220554148
257,LYVE_PLTP_Macrophages x vCM_3,0.15783138920270914
258,Fib_SCARA5 x SPP1_Macrophages,0.16633647298928944
259,LYVE_PLTP_Macrophages x intermediate_CM,0.1293209802569332
260,Adipo x Monocytes,0.18015808267260658
261,Fib_SCARA5 x vSMCs_1,0.1342006408671274
262,CCL18_Macrophages x Fib_0,0.1752625870065588
263,CD4 x CD8,0.13488103471085705
264,CD8 x Lymphatic_Endo,0.13590453868826233
265,Pericyte_2 x Venous_Endo,0.169999744916011
266,LYVE_FOLR_Macrophages x vCM_4,0.13679951861786266
267,Mast x Pericyte_2,0.16928625861769367
268,Capillary_Endo x intermediate_CM,0.17188794403041732
269,CD4 x Neuronal,0.1392635901744012
270,damaged_CM x damaged_CM,0.14040355041622365
271,Adipo x Neuronal,0.18035156490872625
272,Fib_0 x Mast,0.1649764075677227
273,NK x vCM_4,0.14388600641569407
274,Arterial_Endo x damaged_CM,0.189174814809889
275,NK x Pericyte_1,0.14600586146732702
276,LYVE_PLTP_Macrophages x damaged_CM,0.1478444567904016
277,Fib_3 x damaged_CM,0.14945879267403683
278,NK_T x intermediate_CM,0.14967001018141957
279,Monocytes x vSMCs_2,0.18054924798930783
280,CD8 x Pericyte_2,0.17905341580495776
281,Fib_0 x damaged_CM,0.15323152517901867
282,SPP1_Macrophages x intermediate_CM,0.15383431586580723
283,CD8 x Mast,0.1623221549626626
284,CD8 x Fib_SCARA5,0.15573199620289874
285,NK_T x Neuronal,0.15638357067254496
286,Arterial_Endo x Fib_SCARA5,0.49723929637707454
287,Fib_3 x Fib_SCARA5,0.1852416909090098
288,NK_T x healthy_CM,0.2539098007774331
289,Endocardial_Endo x damaged_CM,0.16171722461588098
290,Neuronal x Pericyte_2,0.16699868770464393
291,Neuronal x Pericyte_1,0.15973312911127296
292,Arterial_Endo x Endocardial_Endo,0.18023274275463355
293,CD4 x CD4,0.1624342869752654
294,LYVE_FOLR_Macrophages x Pericyte_1,0.20108506398389792
295,CD8 x NK_T,0.17303482672332482
296,Adipo x Myofib,0.23489497755540645
297,LYVE_FOLR_Macrophages x intermediate_CM,0.1967798873866466
298,Adipo x Adipo,0.21740880552670885
299,damaged_CM x vSMCs_2,0.17120066573374138
300,Arterial_Endo x vSMCs_2,0.17166423197311284
301,CD4 x Pericyte_2,0.20521774531361156
302,Mast x Neuronal,0.1749459962340389
303,Lymphatic_Endo x NK_T,0.17565475919256196
304,NK_T x prolif,0.17573320556234207
305,Adipo x Endocardial_Endo,0.25313670680927314
306,Myofib x damaged_CM,0.17751594464773002
307,Fib_3 x vSMCs_1,0.18782693887301527
308,damaged_CM x vCM_4,0.183018898541242
309,Lymphatic_Endo x Pericyte_2,0.18335990664110924
310,Capillary_Endo x Endocardial_Endo,0.9057169756928647
311,Neuronal x vSMCs_1,0.2078618484306362
312,Myofib x vCM_3,0.19022715170659416
313,Adipo x LYVE_FOLR_Macrophages,0.256732116860496
314,CCL18_Macrophages x healthy_CM,0.2022443838755057
315,CCL18_Macrophages x Fib_SCARA5,0.22941523726648652
316,SPP1_Macrophages x SPP1_Macrophages,0.27508746228032177
317,Fib_0 x vCM_3,0.21548067870145443
318,CD4 x Fib_SCARA5,0.19830692216978307
319,CD8 x SPP1_Macrophages,0.23724970263789524
320,healthy_CM x vSMCs_2,0.2513828748446954
321,Purkinje_fibers x healthy_CM,0.8470344594571941
322,Fib_3 x intermediate_CM,0.29818790722811483
323,Fib_0 x intermediate_CM,0.25471721923634916
324,CD8 x Monocytes,0.23627923355367564
325,Lymphatic_Endo x Neuronal,0.23302060786990683
326,Fib_3 x prolif,0.21301312539199577
327,Pericyte_2 x vSMCs_1,0.2900898522576376
328,CCL18_Macrophages x CD8,0.2465290450480722
329,LYVE_PLTP_Macrophages x SPP1_Macrophages,0.29111278864066026
330,CD8 x NK,0.21510891081206618
331,Fib_3 x Neuronal,0.23031494522511164
332,LYVE_FOLR_Macrophages x vSMCs_1,0.215807334280901
333,CD4 x Mast,0.2223656855986445
334,Fib_0 x NK_T,0.23220434373719054
335,LYVE_FOLR_Macrophages x Venous_Endo,0.23965477050122996
336,LYVE_PLTP_Macrophages x LYVE_PLTP_Macrophages,0.2715745193188463
337,Mast x vCM_4,0.22266224528630468
338,Monocytes x vCM_4,0.22305983849652047
339,Capillary_Endo x LYVE_FOLR_Macrophages,0.38730907215053334
340,CD4 x NK_T,0.22954606181818737
341,Arterial_Endo x intermediate_CM,0.30219170148259517
342,Lymphatic_Endo x NK,0.2369581869161142
343,Capillary_Endo x NK,0.2411644755198511
344,Adipo x damaged_CM,0.32312262469739284
345,Purkinje_fibers x vCM_4,0.25335515145469834
346,intermediate_CM x vCM_4,0.2560522397760103
347,Fib_SCARA5 x Mast,0.2675428387893617
348,CCL18_Macrophages x damaged_CM,0.2560885425920471
349,Pericyte_1 x prolif,0.2608143878992627
350,Endocardial_Endo x NK,0.26330644336507225
351,Fib_3 x Fib_3,0.3477482179434713
352,Purkinje_fibers x vSMCs_1,0.2664280747232685
353,CD4 x SPP1_Macrophages,0.30924114066728414
354,CCL18_Macrophages x Purkinje_fibers,0.2681412857616234
355,Capillary_Endo x Capillary_Endo,0.3555292983438245
356,Myofib x NK,0.2986254115678289
357,NK_T x Purkinje_fibers,0.2690027534711752
358,Purkinje_fibers x perivascular_fibroblasts,0.27217105357371163
359,NK x vSMCs_2,0.3119031885214948
360,healthy_CM x vCM_4,0.27725044605885685
361,Fib_3 x LYVE_FOLR_Macrophages,0.6348883538226163
362,Adipo x Fib_SCARA5,0.3724987870386248
363,Monocytes x SPP1_Macrophages,0.3731108100587547
364,Fib_SCARA5 x NK_T,0.29402382539956895
365,CD4 x NK,0.28527453159137867
366,Neuronal x SPP1_Macrophages,0.2863426419257188
367,Purkinje_fibers x Purkinje_fibers,0.2891002456461694
368,Adipo x intermediate_CM,0.9236368957233347
369,CD4 x Monocytes,0.321203289816752
370,CCL18_Macrophages x CD4,0.3307639872068337
371,CD8 x LYVE_PLTP_Macrophages,0.31452716892332205
372,CCL18_Macrophages x intermediate_CM,0.2960068167776885
373,CD4 x vCM_4,0.2973179785737791
374,Purkinje_fibers x damaged_CM,0.2994404507922165
375,Fib_0 x Neuronal,0.30129799110046385
376,Pericyte_1 x SPP1_Macrophages,0.3623629896220384
377,Lymphatic_Endo x damaged_CM,0.47124690649926815
378,CD8 x Purkinje_fibers,0.3040561364711942
379,Venous_Endo x healthy_CM,0.42063221265962736
380,LYVE_FOLR_Macrophages x prolif,0.30876454077397186
381,Pericyte_2 x Purkinje_fibers,0.415601205719339
382,Fib_SCARA5 x vCM_4,0.3153950123648992
383,Arterial_Endo x LYVE_FOLR_Macrophages,0.6533252518879875
384,CD4 x Purkinje_fibers,0.31626931060972086
385,prolif x vCM_4,0.31628357870516854
386,Mast x Purkinje_fibers,0.31897806462821854
387,LYVE_FOLR_Macrophages x Myofib,0.3277209630568487
388,Purkinje_fibers x Venous_Endo,0.32168660779177627
389,Pericyte_1 x vSMCs_1,0.3275924538222877
390,Fib_3 x NK_T,0.32825508749195986
391,Adipo x vCM_4,0.5498204757403193
392,NK x vSMCs_1,0.3639775334373858
393,Neuronal x Venous_Endo,0.3672169413962899
394,Endocardial_Endo x vSMCs_2,0.3330948195050542
395,perivascular_fibroblasts x vCM_4,0.4388582891367246
396,Adipo x Pericyte_2,0.5398394599751788
397,Pericyte_1 x Purkinje_fibers,0.42581614611750895
398,NK x Purkinje_fibers,0.3424665016129904
399,CCL18_Macrophages x Capillary_Endo,0.424918307799377
400,NK_T x Pericyte_2,0.3920273330725078
401,CD4 x LYVE_PLTP_Macrophages,0.35701070948506397
402,CCL18_Macrophages x Pericyte_1,0.44857217137743877
403,SPP1_Macrophages x vCM_3,0.41049769492937793
404,Pericyte_1 x Venous_Endo,0.4204017233585797
405,Fib_3 x LYVE_PLTP_Macrophages,0.3562773648522141
406,Pericyte_2 x prolif,0.3609894143441405
407,LYVE_PLTP_Macrophages x Monocytes,0.4228754368097493
408,Fib_3 x NK,0.3879975761998369
409,Fib_0 x Fib_SCARA5,0.3664657806160546
410,Endocardial_Endo x Monocytes,0.3684943338591852
411,Arterial_Endo x vCM_3,0.39562664258099295
412,Capillary_Endo x LYVE_PLTP_Macrophages,0.3762374371358233
413,Fib_SCARA5 x LYVE_PLTP_Macrophages,0.37319018606300625
414,CCL18_Macrophages x vCM_3,0.39234631480330395
415,intermediate_CM x perivascular_fibroblasts,0.4489888068947591
416,LYVE_FOLR_Macrophages x Purkinje_fibers,0.3832109590168586
417,Venous_Endo x vCM_4,0.42831457187447675
418,Purkinje_fibers x SPP1_Macrophages,0.3929549047223032
419,Purkinje_fibers x prolif,0.3937598805992796
420,Purkinje_fibers x vSMCs_2,0.39738314745680137
421,Pericyte_2 x vCM_4,0.39960393819219914
422,Fib_SCARA5 x Myofib,0.48537485945638337
423,CD8 x LYVE_FOLR_Macrophages,0.4165227374040935
424,NK x prolif,0.4059755940236922
425,Adipo x vCM_3,0.6994519447854461
426,LYVE_PLTP_Macrophages x Purkinje_fibers,0.4078029417025686
427,Lymphatic_Endo x Purkinje_fibers,0.41219681381731
428,intermediate_CM x vSMCs_2,0.4196893014646331
429,Pericyte_2 x perivascular_fibroblasts,0.4151653279894734
430,NK_T x vCM_4,0.4154435971320527
431,Adipo x Fib_3,0.8332902986425568
432,vSMCs_2 x vSMCs_2,0.47657927344671935
433,damaged_CM x vSMCs_1,0.42353450764217904
434,Endocardial_Endo x vCM_3,0.4966099705565728
435,Capillary_Endo x NK_T,0.42924483109893313
436,Lymphatic_Endo x vCM_4,0.6603370186940929
437,NK x Venous_Endo,0.5233368376673876
438,perivascular_fibroblasts x vCM_3,0.5158769066509814
439,Arterial_Endo x Purkinje_fibers,0.4623968335133155
440,vCM_4 x vSMCs_1,0.5302325876736906
441,healthy_CM x perivascular_fibroblasts,0.4976861036997242
442,LYVE_FOLR_Macrophages x vSMCs_2,0.476979035560688
443,CD8 x Capillary_Endo,0.46060614699134544
444,NK x NK_T,0.4885619865555677
445,NK_T x Pericyte_1,0.5660207067581675
446,Venous_Endo x intermediate_CM,0.49608869115179693
447,Venous_Endo x damaged_CM,0.5190467843436952
448,Neuronal x vCM_4,0.4949023092131594
449,Mast x NK,0.5478255669448883
450,damaged_CM x perivascular_fibroblasts,0.974320793240949
451,Fib_0 x LYVE_FOLR_Macrophages,0.4968444014641361
452,Capillary_Endo x Purkinje_fibers,0.7708986889986478
453,Fib_0 x NK,0.5111047391697525
454,CD4 x Capillary_Endo,0.5001007854913055
455,Mast x NK_T,0.5666480343941329
456,Mast x SPP1_Macrophages,0.6112192430028616
457,Fib_0 x Purkinje_fibers,0.5072360043675026
458,Lymphatic_Endo x vCM_3,0.6110346740816458
459,Endocardial_Endo x Pericyte_1,0.8253726499851315
460,SPP1_Macrophages x vCM_4,0.6242915232642137
461,Arterial_Endo x Pericyte_1,0.6152577706256692
462,Fib_SCARA5 x vSMCs_2,0.5195219416800616
463,vCM_4 x vCM_4,0.5200984342228827
464,Mast x Mast,0.5932364987136718
465,LYVE_PLTP_Macrophages x Neuronal,0.5220336074702844
466,CD4 x LYVE_FOLR_Macrophages,0.5280395842363548
467,NK x SPP1_Macrophages,0.6008703173256739
468,Endocardial_Endo x LYVE_FOLR_Macrophages,0.7972695868090811
469,Fib_3 x vCM_4,0.5315734062062072
470,Monocytes x Pericyte_1,0.5506796824021428
471,Fib_SCARA5 x Fib_SCARA5,0.5493490210632137
472,Arterial_Endo x Capillary_Endo,0.963858424775006
473,Arterial_Endo x vCM_4,0.6124460936160265
474,CD8 x Fib_3,0.5593355040626504
475,healthy_CM x vSMCs_1,0.6854853187060441
476,CCL18_Macrophages x vCM_4,0.712441920843853
477,Fib_3 x Mast,0.5716603617035659
478,Myofib x Neuronal,0.6519406883872416
479,LYVE_PLTP_Macrophages x vCM_4,0.5790529691966695
480,NK_T x NK_T,0.6294559093200578
481,Neuronal x Purkinje_fibers,0.5818434635114583
482,LYVE_PLTP_Macrophages x Mast,0.6677993582723569
483,Fib_SCARA5 x LYVE_FOLR_Macrophages,0.6920379965031422
484,Mast x Monocytes,0.6876073108303031
485,Endocardial_Endo x Purkinje_fibers,0.5959189030690146
486,Capillary_Endo x Neuronal,0.62762523464312
487,CD8 x Pericyte_1,0.6774880524226722
488,Endocardial_Endo x Endocardial_Endo,0.9661197021042384
489,Neuronal x vSMCs_2,0.6561613524041854
490,Endocardial_Endo x vCM_4,0.9595929814909039
491,Capillary_Endo x Mast,0.6433758175017565
492,CD4 x Fib_3,0.6332849616226279
493,Endocardial_Endo x Fib_3,0.7628984767574092
494,CCL18_Macrophages x LYVE_PLTP_Macrophages,0.7499338194829015
495,CCL18_Macrophages x SPP1_Macrophages,0.7641807570522725
496,Pericyte_1 x vCM_4,0.6397957099265117
497,NK_T x SPP1_Macrophages,0.7441744298404243
498,healthy_CM x prolif,0.8768151561940178
499,CCL18_Macrophages x Monocytes,0.7681233998973342
500,Monocytes x NK_T,0.7375972130166089
501,CCL18_Macrophages x NK,0.7229124417269738
502,LYVE_FOLR_Macrophages x LYVE_FOLR_Macrophages,0.6578955465079139
503,Myofib x vCM_4,0.6599919933872058
504,damaged_CM x prolif,0.874812153131028
505,Neuronal x prolif,0.7581507072559734
506,CCL18_Macrophages x Mast,0.7913531804411194
507,Lymphatic_Endo x intermediate_CM,0.7666970025602016
508,Monocytes x Monocytes,0.7487512390993223
509,Pericyte_1 x vSMCs_2,0.7003193421386249
510,Venous_Endo x vCM_3,0.702851548253637
511,Myofib x Pericyte_1,0.7554497225793049
512,Fib_3 x Purkinje_fibers,0.7100044393127563
513,intermediate_CM x prolif,0.7103817280508741
514,prolif x vCM_3,0.8402239079340076
515,Arterial_Endo x Neuronal,0.7181918911371274
516,vCM_3 x vSMCs_1,0.7210671444817152
517,LYVE_PLTP_Macrophages x NK_T,0.7945058261378323
518,NK x Neuronal,0.7542255040260861
519,Capillary_Endo x Monocytes,0.8738244463597185
520,Monocytes x Purkinje_fibers,0.7554702284721886
521,CCL18_Macrophages x NK_T,0.8531186680550875
522,LYVE_FOLR_Macrophages x Monocytes,0.7670079430668033
523,intermediate_CM x vSMCs_1,0.8288327844440286
524,Mast x Pericyte_1,0.8777441950831559
525,vCM_4 x vSMCs_2,0.7729415419813495
526,LYVE_PLTP_Macrophages x NK,0.8251630513787901
527,Fib_3 x Monocytes,0.8930181676015816
528,Capillary_Endo x vSMCs_2,0.8346487018387452
529,Lymphatic_Endo x healthy_CM,0.8437802874337446
530,Endocardial_Endo x Fib_SCARA5,0.934864301209185
531,Fib_SCARA5 x NK,0.8254119794787189
532,Adipo x healthy_CM,0.9247288086796461
533,Endocardial_Endo x Neuronal,0.8103688161494922
534,LYVE_FOLR_Macrophages x SPP1_Macrophages,0.9273638018465346
535,Adipo x Purkinje_fibers,0.8967100174066345
536,LYVE_FOLR_Macrophages x Neuronal,0.8343555519400496
537,Fib_3 x Myofib,0.8738454845030534
538,Purkinje_fibers x intermediate_CM,0.8422160742315866
539,Fib_0 x Fib_3,0.8566704560702695
540,LYVE_FOLR_Macrophages x NK_T,0.9327930100240341
541,Monocytes x NK,0.9590668983990821
542,LYVE_FOLR_Macrophages x Mast,0.9596505182821422
543,LYVE_FOLR_Macrophages x LYVE_PLTP_Macrophages,0.9361287085534136
544,Arterial_Endo x NK,0.9114861795556983
545,Fib_SCARA5 x Neuronal,0.9633590803060259
546,Fib_3 x vSMCs_2,0.9004565854933374
547,LYVE_FOLR_Macrophages x NK,0.9013555287604524
548,Neuronal x Neuronal,0.982415092540581
549,Fib_0 x vCM_4,0.9871717093384762
550,LYVE_PLTP_Macrophages x Pericyte_1,0.9567407059880775
551,Monocytes x Neuronal,0.9145794871852206
552,CCL18_Macrophages x LYVE_FOLR_Macrophages,0.9176885608406518
553,Capillary_Endo x vCM_4,0.9736963556005755
554,CCL18_Macrophages x CCL18_Macrophages,0.9513436008903153
555,NK x NK,0.9949921187561167
556,Fib_0 x Pericyte_1,0.9731067830624303
557,Fib_SCARA5 x Purkinje_fibers,0.9370927074267452
558,CD4 x Pericyte_1,0.976134677488625
559,Myofib x Purkinje_fibers,0.9561511186463175
560,Fib_SCARA5 x Monocytes,0.994740245280532
